estado;data;feriado
Acre;01/01/2018;Ano Novo
Acre;20/01/2018;Dia do Católico
Acre;26/01/2018;Dia do Evangélico
Acre;12/02/2018;Carnaval
Acre;13/02/2018;Carnaval
Acre;14/02/2018;Carnaval
Acre;09/03/2018;Dia da Mulher
Acre;30/03/2018;Sexta Feira Santa
Acre;21/04/2018;Dia de Tiradentes
Acre;01/05/2018;Dia do Trabalho
Acre;31/05/2018;Corpus Christi
Acre;15/06/2018;Aniversário do Acre
Acre;06/08/2018;Revolução Acreana
Acre;07/09/2018;Independência do Brasil
Acre;07/09/2018;Dia da Amazônia
Acre;12/10/2018;Nossa Senhora Aparecida
Acre;15/10/2018;Dia do Professor
Acre;28/10/2018;Dia do Servidor Público
Acre;02/11/2018;Dia de Finados
Acre;15/11/2018;Proclamação da República
Acre;17/11/2018;Tratado de Petrópolis
Acre;25/12/2018;Natal
Acre;01/01/2019;Ano Novo
Acre;20/01/2019;Dia do Católico
Acre;25/01/2019;Dia do Evangélico
Acre;04/03/2019;Carnaval
Acre;05/03/2019;Carnaval
Acre;06/03/2019;Carnaval
Acre;08/03/2019;Dia da Mulher
Acre;19/04/2019;Sexta Feira Santa
Acre;21/04/2019;Dia de Tiradentes
Acre;01/05/2019;Dia do Trabalho
Acre;15/06/2019;Aniversário do Acre
Acre;20/06/2019;Corpus Christi
Acre;06/08/2019;Revolução Acreana
Acre;06/09/2019;Dia da Amazônia
Acre;07/09/2019;Independência do Brasil
Acre;12/10/2019;Nossa Senhora Aparecida
Acre;15/10/2019;Dia do Professor
Acre;28/10/2019;Dia do Servidor Público
Acre;02/11/2019;Dia de Finados
Acre;15/11/2019;Proclamação da República
Acre;17/11/2019;Tratado de Petrópolis
Acre;25/12/2019;Natal
Acre;01/01/2020;Ano Novo
Acre;24/01/2020;Dia do Evangélico
Acre;24/02/2020;Carnaval
Acre;25/02/2020;Carnaval
Acre;26/02/2020;Carnaval
Acre;08/03/2020;Dia da Mulher
Acre;10/04/2020;Sexta Feira Santa
Acre;21/04/2020;Dia de Tiradentes
Acre;01/05/2020;Dia do Trabalho
Acre;11/06/2020;Corpus Christi
Acre;15/06/2020;Aniversário do Acre
Acre;06/08/2020;Revolução Acreana
Acre;05/09/2020;Dia da Amazônia
Acre;07/09/2020;Independência do Brasil
Acre;12/10/2020;Nossa Senhora Aparecida
Acre;15/10/2020;Dia do Professor
Acre;28/10/2020;Dia do Servidor Público
Acre;02/11/2020;Dia de Finados
Acre;15/11/2020;Proclamação da República
Acre;20/11/2020;Tratado de Petrópolis
Acre;25/12/2020;Natal
Amapa;01/01/2018;Ano Novo
Amapa;12/02/2018;Carnaval
Amapa;13/02/2018;Carnaval
Amapa;14/02/2018;Carnaval
Amapa;19/03/2018;Dia de São José
Amapa;30/03/2018;Sexta Feira Santa
Amapa;21/04/2018;Dia de Tiradentes
Amapa;01/05/2018;Dia do Trabalho
Amapa;15/05/2018;Dia de Cabralzinho
Amapa;31/05/2018;Corpus Christi
Amapa;07/09/2018;Independência do Brasil
Amapa;13/09/2018;Aniversário da criação do ex território federal do Amapá
Amapa;12/10/2018;Nossa Senhora Aparecida
Amapa;15/10/2018;Dia do Professor
Amapa;28/10/2018;Dia do Servidor Público
Amapa;02/11/2018;Dia de Finados
Amapa;15/11/2018;Proclamação da República
Amapa;20/11/2018;Dia da Consciência Negra
Amapa;25/12/2018;Natal
Amapa;01/01/2019;Ano Novo
Amapa;04/03/2019;Carnaval
Amapa;05/03/2019;Carnaval
Amapa;06/03/2019;Carnaval
Amapa;19/03/2019;Dia de São José
Amapa;19/04/2019;Sexta Feira Santa
Amapa;21/04/2019;Dia de Tiradentes
Amapa;01/05/2019;Dia do Trabalho
Amapa;15/05/2019;Dia de Cabralzinho
Amapa;20/06/2019;Corpus Christi
Amapa;07/09/2019;Independência do Brasil
Amapa;13/09/2019;Aniversário da criação do ex território federal do Amapá
Amapa;12/10/2019;Nossa Senhora Aparecida
Amapa;15/10/2019;Dia do Professor
Amapa;28/10/2019;Dia do Servidor Público
Amapa;02/11/2019;Dia de Finados
Amapa;15/11/2019;Proclamação da República
Amapa;20/11/2019;Dia da Consciência Negra
Amapa;25/12/2019;Natal
Amapa;01/01/2020;Ano Novo
Amapa;24/02/2020;Carnaval
Amapa;25/02/2020;Carnaval
Amapa;26/02/2020;Carnaval
Amapa;19/03/2020;Dia de São José
Amapa;10/04/2020;Sexta Feira Santa
Amapa;21/04/2020;Dia de Tiradentes
Amapa;01/05/2020;Dia do Trabalho
Amapa;15/05/2020;Dia de Cabralzinho
Amapa;11/06/2020;Corpus Christi
Amapa;07/09/2020;Independência do Brasil
Amapa;13/09/2020;Aniversário da criação do ex território federal do Amapá
Amapa;12/10/2020;Nossa Senhora Aparecida
Amapa;15/10/2020;Dia do Professor
Amapa;28/10/2020;Dia do Servidor Público
Amapa;02/11/2020;Dia de Finados
Amapa;15/11/2020;Proclamação da República
Amapa;20/11/2020;Dia da Consciência Negra
Amapa;25/12/2020;Natal
Alagoas;01/01/2018;Ano Novo
Alagoas;12/02/2018;Carnaval
Alagoas;13/02/2018;Carnaval
Alagoas;14/02/2018;Carnaval
Alagoas;30/03/2018;Sexta Feira Santa
Alagoas;21/04/2018;Dia de Tiradentes
Alagoas;01/05/2018;Dia do Trabalho
Alagoas;31/05/2018;Corpus Christi
Alagoas;24/06/2018;Dia de São João
Alagoas;29/06/2018;Dia de São Pedro
Alagoas;07/09/2018;Independência do Brasil
Alagoas;16/09/2018;Emancipação de Alagoas
Alagoas;12/10/2018;Nossa Senhora Aparecida
Alagoas;15/10/2018;Dia do Professor
Alagoas;28/10/2018;Dia do Servidor Público
Alagoas;02/11/2018;Dia de Finados
Alagoas;15/11/2018;Proclamação da República
Alagoas;20/11/2018;Dia da Consciência Negra
Alagoas;30/11/2018;Dia do Evangélico
Alagoas;25/12/2018;Natal
Alagoas;01/01/2019;Ano Novo
Alagoas;04/03/2019;Carnaval
Alagoas;05/03/2019;Carnaval
Alagoas;06/03/2019;Carnaval
Alagoas;19/04/2019;Sexta Feira Santa
Alagoas;21/04/2019;Dia de Tiradentes
Alagoas;01/05/2019;Dia do Trabalho
Alagoas;20/06/2019;Corpus Christi
Alagoas;24/06/2019;Dia de São João
Alagoas;29/06/2019;Dia de São Pedro
Alagoas;07/09/2019;Independência do Brasil
Alagoas;16/09/2019;Emancipação de Alagoas
Alagoas;12/10/2019;Nossa Senhora Aparecida
Alagoas;15/10/2019;Dia do Professor
Alagoas;28/10/2019;Dia do Servidor Público
Alagoas;02/11/2019;Dia de Finados
Alagoas;15/11/2019;Proclamação da República
Alagoas;20/11/2019;Dia da Consciência Negra
Alagoas;30/11/2019;Dia do Evangélico
Alagoas;25/12/2019;Natal
Alagoas;01/01/2020;Ano Novo
Alagoas;24/02/2020;Carnaval
Alagoas;25/02/2020;Carnaval
Alagoas;26/02/2020;Carnaval
Alagoas;10/04/2020;Sexta Feira Santa
Alagoas;21/04/2020;Dia de Tiradentes
Alagoas;01/05/2020;Dia do Trabalho
Alagoas;11/06/2020;Corpus Christi
Alagoas;24/06/2020;Dia de São João
Alagoas;29/06/2020;Dia de São Pedro
Alagoas;07/09/2020;Independência do Brasil
Alagoas;16/09/2020;Emancipação de Alagoas
Alagoas;12/10/2020;Nossa Senhora Aparecida
Alagoas;15/10/2020;Dia do Professor
Alagoas;28/10/2020;Dia do Servidor Público
Alagoas;02/11/2020;Dia de Finados
Alagoas;15/11/2020;Proclamação da República
Alagoas;20/11/2020;Dia da Consciência Negra
Alagoas;30/11/2020;Dia do Evangélico
Alagoas;25/12/2020;Natal
Amazonas;01/01/2018;Ano Novo
Amazonas;12/02/2018;Carnaval
Amazonas;13/02/2018;Carnaval
Amazonas;14/02/2018;Carnaval
Amazonas;30/03/2018;Sexta Feira Santa
Amazonas;21/04/2018;Dia de Tiradentes
Amazonas;01/05/2018;Dia do Trabalho
Amazonas;31/05/2018;Corpus Christi
Amazonas;05/09/2018;Aniversário do Amazonas
Amazonas;07/09/2018;Independência do Brasil
Amazonas;12/10/2018;Nossa Senhora Aparecida
Amazonas;15/10/2018;Dia do Professor
Amazonas;28/10/2018;Dia do Servidor Público
Amazonas;02/11/2018;Dia de Finados
Amazonas;15/11/2018;Proclamação da República
Amazonas;20/11/2018;Dia da Consciência Negra
Amazonas;08/12/2018;Dia de Nossa Senhora da Conceição
Amazonas;25/12/2018;Natal
Amazonas;01/01/2019;Ano Novo
Amazonas;04/03/2019;Carnaval
Amazonas;05/03/2019;Carnaval
Amazonas;06/03/2019;Carnaval
Amazonas;19/04/2019;Sexta Feira Santa
Amazonas;21/04/2019;Dia de Tiradentes
Amazonas;01/05/2019;Dia do Trabalho
Amazonas;20/06/2019;Corpus Christi
Amazonas;05/09/2019;Aniversário do Amazonas
Amazonas;07/09/2019;Independência do Brasil
Amazonas;12/10/2019;Nossa Senhora Aparecida
Amazonas;15/10/2019;Dia do Professor
Amazonas;28/10/2019;Dia do Servidor Público
Amazonas;02/11/2019;Dia de Finados
Amazonas;15/11/2019;Proclamação da República
Amazonas;20/11/2019;Dia da Consciência Negra
Amazonas;08/12/2019;Dia de Nossa Senhora da Conceição
Amazonas;25/12/2019;Natal
Amazonas;01/01/2020;Ano Novo
Amazonas;24/02/2020;Carnaval
Amazonas;25/02/2020;Carnaval
Amazonas;26/02/2020;Carnaval
Amazonas;10/04/2020;Sexta Feira Santa
Amazonas;21/04/2020;Dia de Tiradentes
Amazonas;01/05/2020;Dia do Trabalho
Amazonas;11/06/2020;Corpus Christi
Amazonas;05/09/2020;Aniversário do Amazonas
Amazonas;07/09/2020;Independência do Brasil
Amazonas;12/10/2020;Nossa Senhora Aparecida
Amazonas;15/10/2020;Dia do Professor
Amazonas;28/10/2020;Dia do Servidor Público
Amazonas;02/11/2020;Dia de Finados
Amazonas;15/11/2020;Proclamação da República
Amazonas;20/11/2020;Dia da Consciência Negra
Amazonas;08/12/2020;Dia de Nossa Senhora da Conceição
Amazonas;25/12/2020;Natal
Bahia;01/01/2018;Ano Novo
Bahia;12/02/2018;Carnaval
Bahia;13/02/2018;Carnaval
Bahia;14/02/2018;Carnaval
Bahia;30/03/2018;Sexta Feira Santa
Bahia;21/04/2018;Dia de Tiradentes
Bahia;01/05/2018;Dia do Trabalho
Bahia;31/05/2018;Corpus Christi
Bahia;02/07/2018;Independência da Bahia
Bahia;07/09/2018;Independência do Brasil
Bahia;12/10/2018;Nossa Senhora Aparecida
Bahia;15/10/2018;Dia do Professor
Bahia;28/10/2018;Dia do Servidor Público
Bahia;02/11/2018;Dia de Finados
Bahia;15/11/2018;Proclamação da República
Bahia;25/12/2018;Natal
Bahia;01/01/2019;Ano Novo
Bahia;04/03/2019;Carnaval
Bahia;05/03/2019;Carnaval
Bahia;06/03/2019;Carnaval
Bahia;19/04/2019;Sexta Feira Santa
Bahia;21/04/2019;Dia de Tiradentes
Bahia;01/05/2019;Dia do Trabalho
Bahia;20/06/2019;Corpus Christi
Bahia;02/07/2019;Independência da Bahia
Bahia;07/09/2019;Independência do Brasil
Bahia;12/10/2019;Nossa Senhora Aparecida
Bahia;15/10/2019;Dia do Professor
Bahia;28/10/2019;Dia do Servidor Público
Bahia;02/11/2019;Dia de Finados
Bahia;15/11/2019;Proclamação da República
Bahia;25/12/2019;Natal
Bahia;01/01/2020;Ano Novo
Bahia;24/02/2020;Carnaval
Bahia;25/02/2020;Carnaval
Bahia;26/02/2020;Carnaval
Bahia;10/04/2020;Sexta Feira Santa
Bahia;21/04/2020;Dia de Tiradentes
Bahia;01/05/2020;Dia do Trabalho
Bahia;26/05/2020;Independência da Bahia
Bahia;11/06/2020;Corpus Christi
Bahia;07/09/2020;Independência do Brasil
Bahia;12/10/2020;Nossa Senhora Aparecida
Bahia;15/10/2020;Dia do Professor
Bahia;28/10/2020;Dia do Servidor Público
Bahia;02/11/2020;Dia de Finados
Bahia;15/11/2020;Proclamação da República
Bahia;25/12/2020;Natal
Ceara;01/01/2018;Ano Novo
Ceara;12/02/2018;Carnaval
Ceara;13/02/2018;Carnaval
Ceara;14/02/2018;Carnaval
Ceara;19/03/2018;Dia de São José
Ceara;25/03/2018;Data Magna do Ceará
Ceara;30/03/2018;Sexta Feira Santa
Ceara;21/04/2018;Dia de Tiradentes
Ceara;01/05/2018;Dia do Trabalho
Ceara;31/05/2018;Corpus Christi
Ceara;07/09/2018;Independência do Brasil
Ceara;12/10/2018;Nossa Senhora Aparecida
Ceara;15/10/2018;Dia do Professor
Ceara;28/10/2018;Dia do Servidor Público
Ceara;02/11/2018;Dia de Finados
Ceara;15/11/2018;Proclamação da República
Ceara;25/12/2018;Natal
Ceara;01/01/2019;Ano Novo
Ceara;04/03/2019;Carnaval
Ceara;05/03/2019;Carnaval
Ceara;06/03/2019;Carnaval
Ceara;19/03/2019;Dia de São José
Ceara;25/03/2019;Data Magna do Ceará
Ceara;19/04/2019;Sexta Feira Santa
Ceara;21/04/2019;Dia de Tiradentes
Ceara;01/05/2019;Dia do Trabalho
Ceara;20/06/2019;Corpus Christi
Ceara;07/09/2019;Independência do Brasil
Ceara;12/10/2019;Nossa Senhora Aparecida
Ceara;15/10/2019;Dia do Professor
Ceara;28/10/2019;Dia do Servidor Público
Ceara;02/11/2019;Dia de Finados
Ceara;15/11/2019;Proclamação da República
Ceara;25/12/2019;Natal
Ceara;01/01/2020;Ano Novo
Ceara;24/02/2020;Carnaval
Ceara;25/02/2020;Carnaval
Ceara;26/02/2020;Carnaval
Ceara;19/03/2020;Dia de São José
Ceara;25/03/2020;Data Magna do Ceará
Ceara;10/04/2020;Sexta Feira Santa
Ceara;21/04/2020;Dia de Tiradentes
Ceara;01/05/2020;Dia do Trabalho
Ceara;11/06/2020;Corpus Christi
Ceara;07/09/2020;Independência do Brasil
Ceara;12/10/2020;Nossa Senhora Aparecida
Ceara;15/10/2020;Dia do Professor
Ceara;28/10/2020;Dia do Servidor Público
Ceara;02/11/2020;Dia de Finados
Ceara;15/11/2020;Proclamação da República
Ceara;25/12/2020;Natal
Distrito Federal;01/01/2018;Ano Novo
Distrito Federal;12/02/2018;Carnaval
Distrito Federal;13/02/2018;Carnaval
Distrito Federal;14/02/2018;Carnaval
Distrito Federal;30/03/2018;Sexta Feira Santa
Distrito Federal;21/04/2018;Dia de Tiradentes
Distrito Federal;01/05/2018;Dia do Trabalho
Distrito Federal;31/05/2018;Corpus Christi
Distrito Federal;07/09/2018;Independência do Brasil
Distrito Federal;12/10/2018;Nossa Senhora Aparecida
Distrito Federal;15/10/2018;Dia do Professor
Distrito Federal;28/10/2018;Dia do Servidor Público
Distrito Federal;02/11/2018;Dia de Finados
Distrito Federal;15/11/2018;Proclamação da República
Distrito Federal;30/11/2018;Dia do Evangélico
Distrito Federal;25/12/2018;Natal
Distrito Federal;01/01/2019;Ano Novo
Distrito Federal;04/03/2019;Carnaval
Distrito Federal;05/03/2019;Carnaval
Distrito Federal;06/03/2019;Carnaval
Distrito Federal;19/04/2019;Sexta Feira Santa
Distrito Federal;21/04/2019;Dia de Tiradentes
Distrito Federal;01/05/2019;Dia do Trabalho
Distrito Federal;20/06/2019;Corpus Christi
Distrito Federal;07/09/2019;Independência do Brasil
Distrito Federal;12/10/2019;Nossa Senhora Aparecida
Distrito Federal;15/10/2019;Dia do Professor
Distrito Federal;28/10/2019;Dia do Servidor Público
Distrito Federal;02/11/2019;Dia de Finados
Distrito Federal;15/11/2019;Proclamação da República
Distrito Federal;30/11/2019;Dia do Evangélico
Distrito Federal;25/12/2019;Natal
Distrito Federal;01/01/2020;Ano Novo
Distrito Federal;24/02/2020;Carnaval
Distrito Federal;25/02/2020;Carnaval
Distrito Federal;26/02/2020;Carnaval
Distrito Federal;10/04/2020;Sexta Feira Santa
Distrito Federal;21/04/2020;Dia de Tiradentes
Distrito Federal;01/05/2020;Dia do Trabalho
Distrito Federal;11/06/2020;Corpus Christi
Distrito Federal;07/09/2020;Independência do Brasil
Distrito Federal;12/10/2020;Nossa Senhora Aparecida
Distrito Federal;15/10/2020;Dia do Professor
Distrito Federal;28/10/2020;Dia do Servidor Público
Distrito Federal;02/11/2020;Dia de Finados
Distrito Federal;15/11/2020;Proclamação da República
Distrito Federal;30/11/2020;Dia do Evangélico
Distrito Federal;25/12/2020;Natal
Espirito Santo;01/01/2018;Ano Novo
Espirito Santo;12/02/2018;Carnaval
Espirito Santo;13/02/2018;Carnaval
Espirito Santo;14/02/2018;Carnaval
Espirito Santo;30/03/2018;Sexta Feira Santa
Espirito Santo;09/04/2018;Aniversário do Estado
Espirito Santo;21/04/2018;Dia de Tiradentes
Espirito Santo;01/05/2018;Dia do Trabalho
Espirito Santo;31/05/2018;Corpus Christi
Espirito Santo;07/09/2018;Independência do Brasil
Espirito Santo;12/10/2018;Nossa Senhora Aparecida
Espirito Santo;15/10/2018;Dia do Professor
Espirito Santo;28/10/2018;Dia do Servidor Público
Espirito Santo;02/11/2018;Dia de Finados
Espirito Santo;15/11/2018;Proclamação da República
Espirito Santo;25/12/2018;Natal
Espirito Santo;01/01/2019;Ano Novo
Espirito Santo;04/03/2019;Carnaval
Espirito Santo;05/03/2019;Carnaval
Espirito Santo;06/03/2019;Carnaval
Espirito Santo;19/04/2019;Sexta Feira Santa
Espirito Santo;21/04/2019;Dia de Tiradentes
Espirito Santo;29/04/2019;Aniversário do Estado
Espirito Santo;01/05/2019;Dia do Trabalho
Espirito Santo;20/06/2019;Corpus Christi
Espirito Santo;07/09/2019;Independência do Brasil
Espirito Santo;12/10/2019;Nossa Senhora Aparecida
Espirito Santo;15/10/2019;Dia do Professor
Espirito Santo;28/10/2019;Dia do Servidor Público
Espirito Santo;02/11/2019;Dia de Finados
Espirito Santo;15/11/2019;Proclamação da República
Espirito Santo;25/12/2019;Natal
Espirito Santo;01/01/2020;Ano Novo
Espirito Santo;24/02/2020;Carnaval
Espirito Santo;25/02/2020;Carnaval
Espirito Santo;26/02/2020;Carnaval
Espirito Santo;10/04/2020;Sexta Feira Santa
Espirito Santo;20/04/2020;Aniversário do Estado
Espirito Santo;21/04/2020;Dia de Tiradentes
Espirito Santo;01/05/2020;Dia do Trabalho
Espirito Santo;11/06/2020;Corpus Christi
Espirito Santo;07/09/2020;Independência do Brasil
Espirito Santo;12/10/2020;Nossa Senhora Aparecida
Espirito Santo;15/10/2020;Dia do Professor
Espirito Santo;28/10/2020;Dia do Servidor Público
Espirito Santo;02/11/2020;Dia de Finados
Espirito Santo;15/11/2020;Proclamação da República
Espirito Santo;25/12/2020;Natal
Mato Grosso do Sul;01/01/2018;Ano Novo
Mato Grosso do Sul;12/02/2018;Carnaval
Mato Grosso do Sul;13/02/2018;Carnaval
Mato Grosso do Sul;14/02/2018;Carnaval
Mato Grosso do Sul;30/03/2018;Sexta Feira Santa
Mato Grosso do Sul;21/04/2018;Dia de Tiradentes
Mato Grosso do Sul;01/05/2018;Dia do Trabalho
Mato Grosso do Sul;31/05/2018;Corpus Christi
Mato Grosso do Sul;07/09/2018;Independência do Brasil
Mato Grosso do Sul;11/10/2018;Aniversário do Mato Grosso do Sul
Mato Grosso do Sul;12/10/2018;Nossa Senhora Aparecida
Mato Grosso do Sul;15/10/2018;Dia do Professor
Mato Grosso do Sul;28/10/2018;Dia do Servidor Público
Mato Grosso do Sul;02/11/2018;Dia de Finados
Mato Grosso do Sul;15/11/2018;Proclamação da República
Mato Grosso do Sul;25/12/2018;Natal
Mato Grosso do Sul;01/01/2019;Ano Novo
Mato Grosso do Sul;04/03/2019;Carnaval
Mato Grosso do Sul;05/03/2019;Carnaval
Mato Grosso do Sul;06/03/2019;Carnaval
Mato Grosso do Sul;19/04/2019;Sexta Feira Santa
Mato Grosso do Sul;21/04/2019;Dia de Tiradentes
Mato Grosso do Sul;01/05/2019;Dia do Trabalho
Mato Grosso do Sul;20/06/2019;Corpus Christi
Mato Grosso do Sul;07/09/2019;Independência do Brasil
Mato Grosso do Sul;10/10/2019;Ponto Facultativo
Mato Grosso do Sul;11/10/2019;Aniversário do Mato Grosso do Sul
Mato Grosso do Sul;12/10/2019;Nossa Senhora Aparecida
Mato Grosso do Sul;15/10/2019;Dia do Professor
Mato Grosso do Sul;28/10/2019;Dia do Servidor Público
Mato Grosso do Sul;02/11/2019;Dia de Finados
Mato Grosso do Sul;15/11/2019;Proclamação da República
Mato Grosso do Sul;25/12/2019;Natal
Mato Grosso do Sul;01/01/2020;Ano Novo
Mato Grosso do Sul;24/02/2020;Carnaval
Mato Grosso do Sul;25/02/2020;Carnaval
Mato Grosso do Sul;26/02/2020;Carnaval
Mato Grosso do Sul;10/04/2020;Sexta Feira Santa
Mato Grosso do Sul;21/04/2020;Dia de Tiradentes
Mato Grosso do Sul;01/05/2020;Dia do Trabalho
Mato Grosso do Sul;11/06/2020;Corpus Christi
Mato Grosso do Sul;07/09/2020;Independência do Brasil
Mato Grosso do Sul;11/10/2020;Aniversário do Mato Grosso do Sul
Mato Grosso do Sul;12/10/2020;Nossa Senhora Aparecida
Mato Grosso do Sul;15/10/2020;Dia do Professor
Mato Grosso do Sul;28/10/2020;Dia do Servidor Público
Mato Grosso do Sul;02/11/2020;Dia de Finados
Mato Grosso do Sul;15/11/2020;Proclamação da República
Mato Grosso do Sul;25/12/2020;Natal
Maranhao;01/01/2018;Ano Novo
Maranhao;12/02/2018;Carnaval
Maranhao;13/02/2018;Carnaval
Maranhao;14/02/2018;Carnaval
Maranhao;30/03/2018;Sexta Feira Santa
Maranhao;21/04/2018;Dia de Tiradentes
Maranhao;01/05/2018;Dia do Trabalho
Maranhao;31/05/2018;Corpus Christi
Maranhao;28/07/2018;Adesão ao Império Brasileiro
Maranhao;07/09/2018;Independência do Brasil
Maranhao;12/10/2018;Nossa Senhora Aparecida
Maranhao;15/10/2018;Dia do Professor
Maranhao;28/10/2018;Dia do Servidor Público
Maranhao;02/11/2018;Dia de Finados
Maranhao;15/11/2018;Proclamação da República
Maranhao;25/12/2018;Natal
Maranhao;01/01/2019;Ano Novo
Maranhao;04/03/2019;Carnaval
Maranhao;05/03/2019;Carnaval
Maranhao;06/03/2019;Carnaval
Maranhao;19/04/2019;Sexta Feira Santa
Maranhao;21/04/2019;Dia de Tiradentes
Maranhao;01/05/2019;Dia do Trabalho
Maranhao;20/06/2019;Corpus Christi
Maranhao;28/07/2019;Adesão ao Império Brasileiro
Maranhao;07/09/2019;Independência do Brasil
Maranhao;12/10/2019;Nossa Senhora Aparecida
Maranhao;15/10/2019;Dia do Professor
Maranhao;28/10/2019;Dia do Servidor Público
Maranhao;02/11/2019;Dia de Finados
Maranhao;15/11/2019;Proclamação da República
Maranhao;25/12/2019;Natal
Maranhao;01/01/2020;Ano Novo
Maranhao;24/02/2020;Carnaval
Maranhao;25/02/2020;Carnaval
Maranhao;26/02/2020;Carnaval
Maranhao;10/04/2020;Sexta Feira Santa
Maranhao;21/04/2020;Dia de Tiradentes
Maranhao;01/05/2020;Dia do Trabalho
Maranhao;15/05/2020;Adesão ao Império Brasileiro
Maranhao;11/06/2020;Corpus Christi
Maranhao;07/09/2020;Independência do Brasil
Maranhao;12/10/2020;Nossa Senhora Aparecida
Maranhao;15/10/2020;Dia do Professor
Maranhao;28/10/2020;Dia do Servidor Público
Maranhao;02/11/2020;Dia de Finados
Maranhao;15/11/2020;Proclamação da República
Maranhao;25/12/2020;Natal
Mato Grosso;01/01/2018;Ano Novo
Mato Grosso;12/02/2018;Carnaval
Mato Grosso;13/02/2018;Carnaval
Mato Grosso;14/02/2018;Carnaval
Mato Grosso;30/03/2018;Sexta Feira Santa
Mato Grosso;21/04/2018;Dia de Tiradentes
Mato Grosso;01/05/2018;Dia do Trabalho
Mato Grosso;31/05/2018;Corpus Christi
Mato Grosso;07/09/2018;Independência do Brasil
Mato Grosso;12/10/2018;Nossa Senhora Aparecida
Mato Grosso;15/10/2018;Dia do Professor
Mato Grosso;28/10/2018;Dia do Servidor Público
Mato Grosso;02/11/2018;Dia de Finados
Mato Grosso;15/11/2018;Proclamação da República
Mato Grosso;20/11/2018;Dia da Consciência Negra
Mato Grosso;25/12/2018;Natal
Mato Grosso;01/01/2019;Ano Novo
Mato Grosso;04/03/2019;Carnaval
Mato Grosso;05/03/2019;Carnaval
Mato Grosso;06/03/2019;Carnaval
Mato Grosso;19/04/2019;Sexta Feira Santa
Mato Grosso;21/04/2019;Dia de Tiradentes
Mato Grosso;01/05/2019;Dia do Trabalho
Mato Grosso;20/06/2019;Corpus Christi
Mato Grosso;07/09/2019;Independência do Brasil
Mato Grosso;12/10/2019;Nossa Senhora Aparecida
Mato Grosso;15/10/2019;Dia do Professor
Mato Grosso;28/10/2019;Dia do Servidor Público
Mato Grosso;02/11/2019;Dia de Finados
Mato Grosso;15/11/2019;Proclamação da República
Mato Grosso;20/11/2019;Dia da Consciência Negra
Mato Grosso;25/12/2019;Natal
Mato Grosso;01/01/2020;Ano Novo
Mato Grosso;24/02/2020;Carnaval
Mato Grosso;25/02/2020;Carnaval
Mato Grosso;26/02/2020;Carnaval
Mato Grosso;10/04/2020;Sexta Feira Santa
Mato Grosso;21/04/2020;Dia de Tiradentes
Mato Grosso;01/05/2020;Dia do Trabalho
Mato Grosso;11/06/2020;Corpus Christi
Mato Grosso;07/09/2020;Independência do Brasil
Mato Grosso;12/10/2020;Nossa Senhora Aparecida
Mato Grosso;15/10/2020;Dia do Professor
Mato Grosso;28/10/2020;Dia do Servidor Público
Mato Grosso;02/11/2020;Dia de Finados
Mato Grosso;15/11/2020;Proclamação da República
Mato Grosso;20/11/2020;Dia da Consciência Negra
Mato Grosso;25/12/2020;Natal
Minas Gerais;01/01/2018;Ano Novo
Minas Gerais;12/02/2018;Carnaval
Minas Gerais;13/02/2018;Carnaval
Minas Gerais;14/02/2018;Carnaval
Minas Gerais;30/03/2018;Sexta Feira Santa
Minas Gerais;21/04/2018;Dia de Tiradentes
Minas Gerais;01/05/2018;Dia do Trabalho
Minas Gerais;31/05/2018;Corpus Christi
Minas Gerais;07/09/2018;Independência do Brasil
Minas Gerais;12/10/2018;Nossa Senhora Aparecida
Minas Gerais;15/10/2018;Dia do Professor
Minas Gerais;28/10/2018;Dia do Servidor Público
Minas Gerais;02/11/2018;Dia de Finados
Minas Gerais;15/11/2018;Proclamação da República
Minas Gerais;25/12/2018;Natal
Minas Gerais;01/01/2019;Ano Novo
Minas Gerais;04/03/2019;Carnaval
Minas Gerais;05/03/2019;Carnaval
Minas Gerais;06/03/2019;Carnaval
Minas Gerais;19/04/2019;Sexta Feira Santa
Minas Gerais;21/04/2019;Dia de Tiradentes
Minas Gerais;01/05/2019;Dia do Trabalho
Minas Gerais;20/06/2019;Corpus Christi
Minas Gerais;07/09/2019;Independência do Brasil
Minas Gerais;12/10/2019;Nossa Senhora Aparecida
Minas Gerais;15/10/2019;Dia do Professor
Minas Gerais;28/10/2019;Dia do Servidor Público
Minas Gerais;02/11/2019;Dia de Finados
Minas Gerais;15/11/2019;Proclamação da República
Minas Gerais;25/12/2019;Natal
Minas Gerais;01/01/2020;Ano Novo
Minas Gerais;24/02/2020;Carnaval
Minas Gerais;25/02/2020;Carnaval
Minas Gerais;26/02/2020;Carnaval
Minas Gerais;10/04/2020;Sexta Feira Santa
Minas Gerais;21/04/2020;Dia de Tiradentes
Minas Gerais;01/05/2020;Dia do Trabalho
Minas Gerais;11/06/2020;Corpus Christi
Minas Gerais;07/09/2020;Independência do Brasil
Minas Gerais;12/10/2020;Nossa Senhora Aparecida
Minas Gerais;15/10/2020;Dia do Professor
Minas Gerais;28/10/2020;Dia do Servidor Público
Minas Gerais;02/11/2020;Dia de Finados
Minas Gerais;15/11/2020;Proclamação da República
Minas Gerais;25/12/2020;Natal
Para;01/01/2020;Ano Novo
Para;24/02/2020;Carnaval
Para;25/02/2020;Carnaval
Para;26/02/2020;Carnaval
Para;10/04/2020;Sexta Feira Santa
Para;21/04/2020;Dia de Tiradentes
Para;01/05/2020;Dia do Trabalho
Para;11/06/2020;Corpus Christi
Para;15/08/2020;Adesão ao Império Brasileiro
Para;07/09/2020;Independência do Brasil
Para;12/10/2020;Nossa Senhora Aparecida
Para;15/10/2020;Dia do Professor
Para;28/10/2020;Dia do Servidor Público
Para;02/11/2020;Dia de Finados
Para;15/11/2020;Proclamação da República
Para;25/12/2020;Natal
Para;01/01/2019;Ano Novo
Para;04/03/2019;Carnaval
Para;05/03/2019;Carnaval
Para;06/03/2019;Carnaval
Para;19/04/2019;Sexta Feira Santa
Para;21/04/2019;Dia de Tiradentes
Para;01/05/2019;Dia do Trabalho
Para;20/06/2019;Corpus Christi
Para;15/08/2019;Adesão ao Império Brasileiro
Para;07/09/2019;Independência do Brasil
Para;12/10/2019;Nossa Senhora Aparecida
Para;15/10/2019;Dia do Professor
Para;28/10/2019;Dia do Servidor Público
Para;02/11/2019;Dia de Finados
Para;15/11/2019;Proclamação da República
Para;25/12/2019;Natal
Para;01/01/2018;Ano Novo
Para;12/02/2018;Carnaval
Para;13/02/2018;Carnaval
Para;14/02/2018;Carnaval
Para;30/03/2018;Sexta Feira Santa
Para;21/04/2018;Dia de Tiradentes
Para;01/05/2018;Dia do Trabalho
Para;31/05/2018;Corpus Christi
Para;15/08/2018;Adesão ao Império Brasileiro
Para;07/09/2018;Independência do Brasil
Para;12/10/2018;Nossa Senhora Aparecida
Para;15/10/2018;Dia do Professor
Para;28/10/2018;Dia do Servidor Público
Para;02/11/2018;Dia de Finados
Para;15/11/2018;Proclamação da República
Para;25/12/2018;Natal
Paraiba;01/01/2020;Ano Novo
Paraiba;24/02/2020;Carnaval
Paraiba;25/02/2020;Carnaval
Paraiba;26/02/2020;Carnaval
Paraiba;10/04/2020;Sexta Feira Santa
Paraiba;21/04/2020;Dia de Tiradentes
Paraiba;01/05/2020;Dia do Trabalho
Paraiba;03/06/2020;Fundação do Estado da Paraíba
Paraiba;11/06/2020;Corpus Christi
Paraiba;07/09/2020;Independência do Brasil
Paraiba;12/10/2020;Nossa Senhora Aparecida
Paraiba;15/10/2020;Dia do Professor
Paraiba;28/10/2020;Dia do Servidor Público
Paraiba;02/11/2020;Dia de Finados
Paraiba;15/11/2020;Proclamação da República
Paraiba;25/12/2020;Natal
Paraiba;01/01/2019;Ano Novo
Paraiba;04/03/2019;Carnaval
Paraiba;05/03/2019;Carnaval
Paraiba;06/03/2019;Carnaval
Paraiba;19/04/2019;Sexta Feira Santa
Paraiba;21/04/2019;Dia de Tiradentes
Paraiba;01/05/2019;Dia do Trabalho
Paraiba;20/06/2019;Corpus Christi
Paraiba;05/08/2019;Fundação do Estado da Paraíba
Paraiba;07/09/2019;Independência do Brasil
Paraiba;12/10/2019;Nossa Senhora Aparecida
Paraiba;15/10/2019;Dia do Professor
Paraiba;28/10/2019;Dia do Servidor Público
Paraiba;02/11/2019;Dia de Finados
Paraiba;15/11/2019;Proclamação da República
Paraiba;25/12/2019;Natal
Paraiba;01/01/2018;Ano Novo
Paraiba;12/02/2018;Carnaval
Paraiba;13/02/2018;Carnaval
Paraiba;14/02/2018;Carnaval
Paraiba;30/03/2018;Sexta Feira Santa
Paraiba;21/04/2018;Dia de Tiradentes
Paraiba;01/05/2018;Dia do Trabalho
Paraiba;31/05/2018;Corpus Christi
Paraiba;05/08/2018;Fundação do Estado da Paraíba
Paraiba;07/09/2018;Independência do Brasil
Paraiba;12/10/2018;Nossa Senhora Aparecida
Paraiba;15/10/2018;Dia do Professor
Paraiba;28/10/2018;Dia do Servidor Público
Paraiba;02/11/2018;Dia de Finados
Paraiba;15/11/2018;Proclamação da República
Paraiba;25/12/2018;Natal
Parana;01/01/2020;Ano Novo
Parana;24/02/2020;Carnaval
Parana;25/02/2020;Carnaval
Parana;26/02/2020;Carnaval
Parana;10/04/2020;Sexta Feira Santa
Parana;21/04/2020;Dia de Tiradentes
Parana;01/05/2020;Dia do Trabalho
Parana;11/06/2020;Corpus Christi
Parana;07/09/2020;Independência do Brasil
Parana;12/10/2020;Nossa Senhora Aparecida
Parana;15/10/2020;Dia do Professor
Parana;28/10/2020;Dia do Servidor Público
Parana;02/11/2020;Dia de Finados
Parana;15/11/2020;Proclamação da República
Parana;25/12/2020;Natal
Parana;01/01/2019;Ano Novo
Parana;04/03/2019;Carnaval
Parana;05/03/2019;Carnaval
Parana;06/03/2019;Carnaval
Parana;19/04/2019;Sexta Feira Santa
Parana;21/04/2019;Dia de Tiradentes
Parana;01/05/2019;Dia do Trabalho
Parana;20/06/2019;Corpus Christi
Parana;07/09/2019;Independência do Brasil
Parana;12/10/2019;Nossa Senhora Aparecida
Parana;15/10/2019;Dia do Professor
Parana;28/10/2019;Dia do Servidor Público
Parana;02/11/2019;Dia de Finados
Parana;15/11/2019;Proclamação da República
Parana;25/12/2019;Natal
Parana;01/01/2018;Ano Novo
Parana;12/02/2018;Carnaval
Parana;13/02/2018;Carnaval
Parana;14/02/2018;Carnaval
Parana;30/03/2018;Sexta Feira Santa
Parana;21/04/2018;Dia de Tiradentes
Parana;01/05/2018;Dia do Trabalho
Parana;31/05/2018;Corpus Christi
Parana;07/09/2018;Independência do Brasil
Parana;12/10/2018;Nossa Senhora Aparecida
Parana;15/10/2018;Dia do Professor
Parana;28/10/2018;Dia do Servidor Público
Parana;02/11/2018;Dia de Finados
Parana;15/11/2018;Proclamação da República
Parana;25/12/2018;Natal
Piaui;01/01/2020;Ano Novo
Piaui;24/02/2020;Carnaval
Piaui;25/02/2020;Carnaval
Piaui;26/02/2020;Carnaval
Piaui;10/04/2020;Sexta Feira Santa
Piaui;21/04/2020;Dia de Tiradentes
Piaui;01/05/2020;Dia do Trabalho
Piaui;11/06/2020;Corpus Christi
Piaui;07/09/2020;Independência do Brasil
Piaui;12/10/2020;Nossa Senhora Aparecida
Piaui;15/10/2020;Dia do Professor
Piaui;19/10/2020;Dia do Piauí
Piaui;28/10/2020;Dia do Servidor Público
Piaui;02/11/2020;Dia de Finados
Piaui;15/11/2020;Proclamação da República
Piaui;25/12/2020;Natal
Piaui;01/01/2019;Ano Novo
Piaui;04/03/2019;Carnaval
Piaui;05/03/2019;Carnaval
Piaui;06/03/2019;Carnaval
Piaui;19/04/2019;Sexta Feira Santa
Piaui;21/04/2019;Dia de Tiradentes
Piaui;01/05/2019;Dia do Trabalho
Piaui;20/06/2019;Corpus Christi
Piaui;07/09/2019;Independência do Brasil
Piaui;12/10/2019;Nossa Senhora Aparecida
Piaui;15/10/2019;Dia do Professor
Piaui;19/10/2019;Dia do Piauí
Piaui;28/10/2019;Dia do Servidor Público
Piaui;02/11/2019;Dia de Finados
Piaui;15/11/2019;Proclamação da República
Piaui;25/12/2019;Natal
Piaui;01/01/2018;Ano Novo
Piaui;12/02/2018;Carnaval
Piaui;13/02/2018;Carnaval
Piaui;14/02/2018;Carnaval
Piaui;30/03/2018;Sexta Feira Santa
Piaui;21/04/2018;Dia de Tiradentes
Piaui;01/05/2018;Dia do Trabalho
Piaui;31/05/2018;Corpus Christi
Piaui;07/09/2018;Independência do Brasil
Piaui;12/10/2018;Nossa Senhora Aparecida
Piaui;15/10/2018;Dia do Professor
Piaui;19/10/2018;Dia do Piauí
Piaui;28/10/2018;Dia do Servidor Público
Piaui;02/11/2018;Dia de Finados
Piaui;15/11/2018;Proclamação da República
Piaui;25/12/2018;Natal
Rio de Janeiro;01/01/2020;Ano Novo
Rio de Janeiro;24/02/2020;Carnaval
Rio de Janeiro;25/02/2020;Carnaval
Rio de Janeiro;25/02/2020;Carnaval
Rio de Janeiro;26/02/2020;Carnaval
Rio de Janeiro;10/04/2020;Sexta Feira Santa
Rio de Janeiro;21/04/2020;Dia de Tiradentes
Rio de Janeiro;23/04/2020;Dia de São Jorge
Rio de Janeiro;01/05/2020;Dia do Trabalho
Rio de Janeiro;11/06/2020;Corpus Christi
Rio de Janeiro;07/09/2020;Independência do Brasil
Rio de Janeiro;12/10/2020;Nossa Senhora Aparecida
Rio de Janeiro;15/10/2020;Dia do Professor
Rio de Janeiro;28/10/2020;Dia do Servidor Público
Rio de Janeiro;02/11/2020;Dia de Finados
Rio de Janeiro;15/11/2020;Proclamação da República
Rio de Janeiro;20/11/2020;Dia da Consciência Negra
Rio de Janeiro;25/12/2020;Natal
Rio de Janeiro;01/01/2019;Ano Novo
Rio de Janeiro;04/03/2019;Carnaval
Rio de Janeiro;05/03/2019;Carnaval
Rio de Janeiro;05/03/2019;Carnaval
Rio de Janeiro;06/03/2019;Carnaval
Rio de Janeiro;19/04/2019;Sexta Feira Santa
Rio de Janeiro;21/04/2019;Dia de Tiradentes
Rio de Janeiro;23/04/2019;Dia de São Jorge
Rio de Janeiro;01/05/2019;Dia do Trabalho
Rio de Janeiro;20/06/2019;Corpus Christi
Rio de Janeiro;07/09/2019;Independência do Brasil
Rio de Janeiro;12/10/2019;Nossa Senhora Aparecida
Rio de Janeiro;15/10/2019;Dia do Professor
Rio de Janeiro;28/10/2019;Dia do Servidor Público
Rio de Janeiro;02/11/2019;Dia de Finados
Rio de Janeiro;15/11/2019;Proclamação da República
Rio de Janeiro;20/11/2019;Dia da Consciência Negra
Rio de Janeiro;25/12/2019;Natal
Rio de Janeiro;01/01/2018;Ano Novo
Rio de Janeiro;12/02/2018;Carnaval
Rio de Janeiro;13/02/2018;Carnaval
Rio de Janeiro;13/02/2018;Carnaval
Rio de Janeiro;14/02/2018;Carnaval
Rio de Janeiro;30/03/2018;Sexta Feira Santa
Rio de Janeiro;21/04/2018;Dia de Tiradentes
Rio de Janeiro;23/04/2018;Dia de São Jorge
Rio de Janeiro;01/05/2018;Dia do Trabalho
Rio de Janeiro;31/05/2018;Corpus Christi
Rio de Janeiro;07/09/2018;Independência do Brasil
Rio de Janeiro;12/10/2018;Nossa Senhora Aparecida
Rio de Janeiro;15/10/2018;Dia do Professor
Rio de Janeiro;28/10/2018;Dia do Servidor Público
Rio de Janeiro;02/11/2018;Dia de Finados
Rio de Janeiro;15/11/2018;Proclamação da República
Rio de Janeiro;20/11/2018;Dia da Consciência Negra
Rio de Janeiro;25/12/2018;Natal
Rio Grande do Norte;01/01/2020;Ano Novo
Rio Grande do Norte;24/02/2020;Carnaval
Rio Grande do Norte;25/02/2020;Carnaval
Rio Grande do Norte;26/02/2020;Carnaval
Rio Grande do Norte;10/04/2020;Sexta Feira Santa
Rio Grande do Norte;21/04/2020;Dia de Tiradentes
Rio Grande do Norte;01/05/2020;Dia do Trabalho
Rio Grande do Norte;11/06/2020;Corpus Christi
Rio Grande do Norte;07/09/2020;Independência do Brasil
Rio Grande do Norte;03/10/2020;Mártires de Cunhaú e Uruaçu
Rio Grande do Norte;12/10/2020;Nossa Senhora Aparecida
Rio Grande do Norte;15/10/2020;Dia do Professor
Rio Grande do Norte;28/10/2020;Dia do Servidor Público
Rio Grande do Norte;02/11/2020;Dia de Finados
Rio Grande do Norte;15/11/2020;Proclamação da República
Rio Grande do Norte;25/12/2020;Natal
Rio Grande do Norte;01/01/2019;Ano Novo
Rio Grande do Norte;04/03/2019;Carnaval
Rio Grande do Norte;05/03/2019;Carnaval
Rio Grande do Norte;06/03/2019;Carnaval
Rio Grande do Norte;19/04/2019;Sexta Feira Santa
Rio Grande do Norte;21/04/2019;Dia de Tiradentes
Rio Grande do Norte;01/05/2019;Dia do Trabalho
Rio Grande do Norte;20/06/2019;Corpus Christi
Rio Grande do Norte;07/09/2019;Independência do Brasil
Rio Grande do Norte;03/10/2019;Mártires de Cunhaú e Uruaçu
Rio Grande do Norte;12/10/2019;Nossa Senhora Aparecida
Rio Grande do Norte;15/10/2019;Dia do Professor
Rio Grande do Norte;28/10/2019;Dia do Servidor Público
Rio Grande do Norte;02/11/2019;Dia de Finados
Rio Grande do Norte;15/11/2019;Proclamação da República
Rio Grande do Norte;25/12/2019;Natal
Rio Grande do Norte;01/01/2018;Ano Novo
Rio Grande do Norte;12/02/2018;Carnaval
Rio Grande do Norte;13/02/2018;Carnaval
Rio Grande do Norte;14/02/2018;Carnaval
Rio Grande do Norte;30/03/2018;Sexta Feira Santa
Rio Grande do Norte;21/04/2018;Dia de Tiradentes
Rio Grande do Norte;01/05/2018;Dia do Trabalho
Rio Grande do Norte;31/05/2018;Corpus Christi
Rio Grande do Norte;07/09/2018;Independência do Brasil
Rio Grande do Norte;03/10/2018;Mártires de Cunhaú e Uruaçu
Rio Grande do Norte;12/10/2018;Nossa Senhora Aparecida
Rio Grande do Norte;15/10/2018;Dia do Professor
Rio Grande do Norte;28/10/2018;Dia do Servidor Público
Rio Grande do Norte;02/11/2018;Dia de Finados
Rio Grande do Norte;15/11/2018;Proclamação da República
Rio Grande do Norte;25/12/2018;Natal
Rio Grande do Sul;01/01/2020;Ano Novo
Rio Grande do Sul;24/02/2020;Carnaval
Rio Grande do Sul;25/02/2020;Carnaval
Rio Grande do Sul;26/02/2020;Carnaval
Rio Grande do Sul;10/04/2020;Sexta Feira Santa
Rio Grande do Sul;21/04/2020;Dia de Tiradentes
Rio Grande do Sul;01/05/2020;Dia do Trabalho
Rio Grande do Sul;11/06/2020;Corpus Christi
Rio Grande do Sul;07/09/2020;Independência do Brasil
Rio Grande do Sul;20/09/2020;Proc. República Rio Grandense
Rio Grande do Sul;12/10/2020;Nossa Senhora Aparecida
Rio Grande do Sul;15/10/2020;Dia do Professor
Rio Grande do Sul;28/10/2020;Dia do Servidor Público
Rio Grande do Sul;02/11/2020;Dia de Finados
Rio Grande do Sul;15/11/2020;Proclamação da República
Rio Grande do Sul;25/12/2020;Natal
Rio Grande do Sul;01/01/2019;Ano Novo
Rio Grande do Sul;04/03/2019;Carnaval
Rio Grande do Sul;05/03/2019;Carnaval
Rio Grande do Sul;06/03/2019;Carnaval
Rio Grande do Sul;19/04/2019;Sexta Feira Santa
Rio Grande do Sul;21/04/2019;Dia de Tiradentes
Rio Grande do Sul;01/05/2019;Dia do Trabalho
Rio Grande do Sul;20/06/2019;Corpus Christi
Rio Grande do Sul;07/09/2019;Independência do Brasil
Rio Grande do Sul;20/09/2019;Proc. República Rio Grandense
Rio Grande do Sul;12/10/2019;Nossa Senhora Aparecida
Rio Grande do Sul;15/10/2019;Dia do Professor
Rio Grande do Sul;28/10/2019;Dia do Servidor Público
Rio Grande do Sul;02/11/2019;Dia de Finados
Rio Grande do Sul;15/11/2019;Proclamação da República
Rio Grande do Sul;25/12/2019;Natal
Rio Grande do Sul;01/01/2018;Ano Novo
Rio Grande do Sul;12/02/2018;Carnaval
Rio Grande do Sul;13/02/2018;Carnaval
Rio Grande do Sul;14/02/2018;Carnaval
Rio Grande do Sul;30/03/2018;Sexta Feira Santa
Rio Grande do Sul;21/04/2018;Dia de Tiradentes
Rio Grande do Sul;01/05/2018;Dia do Trabalho
Rio Grande do Sul;31/05/2018;Corpus Christi
Rio Grande do Sul;07/09/2018;Independência do Brasil
Rio Grande do Sul;20/09/2018;Proc. República Rio Grandense
Rio Grande do Sul;12/10/2018;Nossa Senhora Aparecida
Rio Grande do Sul;15/10/2018;Dia do Professor
Rio Grande do Sul;28/10/2018;Dia do Servidor Público
Rio Grande do Sul;02/11/2018;Dia de Finados
Rio Grande do Sul;15/11/2018;Proclamação da República
Rio Grande do Sul;25/12/2018;Natal
Rondonia;01/01/2020;Ano Novo
Rondonia;04/01/2020;Aniversário de Rondônia
Rondonia;24/02/2020;Carnaval
Rondonia;25/02/2020;Carnaval
Rondonia;26/02/2020;Carnaval
Rondonia;10/04/2020;Sexta Feira Santa
Rondonia;21/04/2020;Dia de Tiradentes
Rondonia;01/05/2020;Dia do Trabalho
Rondonia;11/06/2020;Corpus Christi
Rondonia;18/06/2020;Dia do Evangélico
Rondonia;07/09/2020;Independência do Brasil
Rondonia;12/10/2020;Nossa Senhora Aparecida
Rondonia;15/10/2020;Dia do Professor
Rondonia;28/10/2020;Dia do Servidor Público
Rondonia;02/11/2020;Dia de Finados
Rondonia;15/11/2020;Proclamação da República
Rondonia;25/12/2020;Natal
Rondonia;01/01/2019;Ano Novo
Rondonia;04/01/2019;Aniversário de Rondônia
Rondonia;04/03/2019;Carnaval
Rondonia;05/03/2019;Carnaval
Rondonia;06/03/2019;Carnaval
Rondonia;19/04/2019;Sexta Feira Santa
Rondonia;21/04/2019;Dia de Tiradentes
Rondonia;01/05/2019;Dia do Trabalho
Rondonia;18/06/2019;Dia do Evangélico
Rondonia;20/06/2019;Corpus Christi
Rondonia;21/06/2019;Ponto Facultativo
Rondonia;07/09/2019;Independência do Brasil
Rondonia;12/10/2019;Nossa Senhora Aparecida
Rondonia;15/10/2019;Dia do Professor
Rondonia;28/10/2019;Dia do Servidor Público
Rondonia;02/11/2019;Dia de Finados
Rondonia;15/11/2019;Proclamação da República
Rondonia;25/12/2019;Natal
Rondonia;01/01/2018;Ano Novo
Rondonia;04/01/2018;Aniversário de Rondônia
Rondonia;12/02/2018;Carnaval
Rondonia;13/02/2018;Carnaval
Rondonia;14/02/2018;Carnaval
Rondonia;30/03/2018;Sexta Feira Santa
Rondonia;21/04/2018;Dia de Tiradentes
Rondonia;01/05/2018;Dia do Trabalho
Rondonia;31/05/2018;Corpus Christi
Rondonia;18/06/2018;Dia do Evangélico
Rondonia;07/09/2018;Independência do Brasil
Rondonia;12/10/2018;Nossa Senhora Aparecida
Rondonia;15/10/2018;Dia do Professor
Rondonia;28/10/2018;Dia do Servidor Público
Rondonia;02/11/2018;Dia de Finados
Rondonia;15/11/2018;Proclamação da República
Rondonia;25/12/2018;Natal
Roraima;01/01/2020;Ano Novo
Roraima;24/02/2020;Carnaval
Roraima;25/02/2020;Carnaval
Roraima;26/02/2020;Carnaval
Roraima;10/04/2020;Sexta Feira Santa
Roraima;21/04/2020;Dia de Tiradentes
Roraima;01/05/2020;Dia do Trabalho
Roraima;11/06/2020;Corpus Christi
Roraima;07/09/2020;Independência do Brasil
Roraima;05/10/2020;Aniversário de Roraima
Roraima;12/10/2020;Nossa Senhora Aparecida
Roraima;15/10/2020;Dia do Professor
Roraima;28/10/2020;Dia do Servidor Público
Roraima;02/11/2020;Dia de Finados
Roraima;15/11/2020;Proclamação da República
Roraima;20/11/2020;Dia da Consciência Negra
Roraima;07/12/2020;Nossa Senhora da Conceição
Roraima;24/12/2020;Véspera de Natal
Roraima;25/12/2020;Natal
Roraima;31/12/2020;Véspera de Ano Novo
Roraima;01/01/2019;Ano Novo
Roraima;04/03/2019;Carnaval
Roraima;05/03/2019;Carnaval
Roraima;06/03/2019;Carnaval
Roraima;19/04/2019;Sexta Feira Santa
Roraima;21/04/2019;Dia de Tiradentes
Roraima;01/05/2019;Dia do Trabalho
Roraima;20/06/2019;Corpus Christi
Roraima;07/09/2019;Independência do Brasil
Roraima;05/10/2019;Aniversário de Roraima
Roraima;12/10/2019;Nossa Senhora Aparecida
Roraima;15/10/2019;Dia do Professor
Roraima;28/10/2019;Dia do Servidor Público
Roraima;02/11/2019;Dia de Finados
Roraima;15/11/2019;Proclamação da República
Roraima;20/11/2019;Dia da Consciência Negra
Roraima;07/12/2019;Nossa Senhora da Conceição
Roraima;24/12/2019;Véspera de Natal
Roraima;25/12/2019;Natal
Roraima;31/12/2019;Véspera de Ano Novo
Roraima;01/01/2018;Ano Novo
Roraima;12/02/2018;Carnaval
Roraima;13/02/2018;Carnaval
Roraima;14/02/2018;Carnaval
Roraima;30/03/2018;Sexta Feira Santa
Roraima;21/04/2018;Dia de Tiradentes
Roraima;01/05/2018;Dia do Trabalho
Roraima;31/05/2018;Corpus Christi
Roraima;07/09/2018;Independência do Brasil
Roraima;05/10/2018;Aniversário de Roraima
Roraima;12/10/2018;Nossa Senhora Aparecida
Roraima;15/10/2018;Dia do Professor
Roraima;28/10/2018;Dia do Servidor Público
Roraima;02/11/2018;Dia de Finados
Roraima;15/11/2018;Proclamação da República
Roraima;20/11/2018;Dia da Consciência Negra
Roraima;07/12/2018;Nossa Senhora da Conceição
Roraima;24/12/2018;Véspera de Natal
Roraima;25/12/2018;Natal
Roraima;31/12/2018;Véspera de Ano Novo
Santa Catarina;01/01/2020;Ano Novo
Santa Catarina;24/02/2020;Carnaval
Santa Catarina;25/02/2020;Carnaval
Santa Catarina;26/02/2020;Carnaval
Santa Catarina;10/04/2020;Sexta Feira Santa
Santa Catarina;21/04/2020;Dia de Tiradentes
Santa Catarina;01/05/2020;Dia do Trabalho
Santa Catarina;11/06/2020;Corpus Christi
Santa Catarina;07/09/2020;Independência do Brasil
Santa Catarina;12/10/2020;Nossa Senhora Aparecida
Santa Catarina;15/10/2020;Dia do Professor
Santa Catarina;28/10/2020;Dia do Servidor Público
Santa Catarina;02/11/2020;Dia de Finados
Santa Catarina;15/11/2020;Proclamação da República
Santa Catarina;25/12/2020;Natal
Santa Catarina;01/01/2019;Ano Novo
Santa Catarina;04/03/2019;Carnaval
Santa Catarina;05/03/2019;Carnaval
Santa Catarina;06/03/2019;Carnaval
Santa Catarina;19/04/2019;Sexta Feira Santa
Santa Catarina;21/04/2019;Dia de Tiradentes
Santa Catarina;01/05/2019;Dia do Trabalho
Santa Catarina;20/06/2019;Corpus Christi
Santa Catarina;07/09/2019;Independência do Brasil
Santa Catarina;12/10/2019;Nossa Senhora Aparecida
Santa Catarina;15/10/2019;Dia do Professor
Santa Catarina;28/10/2019;Dia do Servidor Público
Santa Catarina;02/11/2019;Dia de Finados
Santa Catarina;15/11/2019;Proclamação da República
Santa Catarina;25/12/2019;Natal
Santa Catarina;01/01/2018;Ano Novo
Santa Catarina;12/02/2018;Carnaval
Santa Catarina;13/02/2018;Carnaval
Santa Catarina;14/02/2018;Carnaval
Santa Catarina;30/03/2018;Sexta Feira Santa
Santa Catarina;21/04/2018;Dia de Tiradentes
Santa Catarina;01/05/2018;Dia do Trabalho
Santa Catarina;31/05/2018;Corpus Christi
Santa Catarina;07/09/2018;Independência do Brasil
Santa Catarina;12/10/2018;Nossa Senhora Aparecida
Santa Catarina;15/10/2018;Dia do Professor
Santa Catarina;28/10/2018;Dia do Servidor Público
Santa Catarina;02/11/2018;Dia de Finados
Santa Catarina;15/11/2018;Proclamação da República
Santa Catarina;25/12/2018;Natal
Sao Paulo;01/01/2020;Ano Novo
Sao Paulo;24/02/2020;Carnaval
Sao Paulo;25/02/2020;Carnaval
Sao Paulo;26/02/2020;Carnaval
Sao Paulo;10/04/2020;Sexta Feira Santa
Sao Paulo;21/04/2020;Dia de Tiradentes
Sao Paulo;01/05/2020;Dia do Trabalho
Sao Paulo;25/05/2020;Revolução Constitucionalista
Sao Paulo;11/06/2020;Corpus Christi
Sao Paulo;07/09/2020;Independência do Brasil
Sao Paulo;12/10/2020;Nossa Senhora Aparecida
Sao Paulo;15/10/2020;Dia do Professor
Sao Paulo;28/10/2020;Dia do Servidor Público
Sao Paulo;02/11/2020;Dia de Finados
Sao Paulo;15/11/2020;Proclamação da República
Sao Paulo;25/12/2020;Natal
Sao Paulo;01/01/2019;Ano Novo
Sao Paulo;04/03/2019;Carnaval
Sao Paulo;05/03/2019;Carnaval
Sao Paulo;06/03/2019;Carnaval
Sao Paulo;19/04/2019;Sexta Feira Santa
Sao Paulo;21/04/2019;Dia de Tiradentes
Sao Paulo;01/05/2019;Dia do Trabalho
Sao Paulo;20/06/2019;Corpus Christi
Sao Paulo;09/07/2019;Revolução Constitucionalista
Sao Paulo;07/09/2019;Independência do Brasil
Sao Paulo;12/10/2019;Nossa Senhora Aparecida
Sao Paulo;15/10/2019;Dia do Professor
Sao Paulo;28/10/2019;Dia do Servidor Público
Sao Paulo;02/11/2019;Dia de Finados
Sao Paulo;15/11/2019;Proclamação da República
Sao Paulo;25/12/2019;Natal
Sao Paulo;01/01/2018;Ano Novo
Sao Paulo;25/01/2018;Aniversário da Cidade
Sao Paulo;12/02/2018;Carnaval
Sao Paulo;13/02/2018;Carnaval
Sao Paulo;14/02/2018;Carnaval
Sao Paulo;30/03/2018;Sexta Feira Santa
Sao Paulo;30/03/2018;Sexta feira Santa
Sao Paulo;21/04/2018;Dia de Tiradentes
Sao Paulo;01/05/2018;Dia do Trabalho
Sao Paulo;31/05/2018;Corpus Christi
Sao Paulo;31/05/2018;Corpus Christi
Sao Paulo;09/07/2018;Revolução Constitucionalista
Sao Paulo;07/09/2018;Independência do Brasil
Sao Paulo;12/10/2018;Nossa Senhora Aparecida
Sao Paulo;15/10/2018;Dia do Professor
Sao Paulo;28/10/2018;Dia do Servidor Público
Sao Paulo;02/11/2018;Dia de Finados
Sao Paulo;02/11/2018;Finados
Sao Paulo;15/11/2018;Proclamação da República
Sao Paulo;20/11/2018;Dia da Consciência Negra
Sao Paulo;25/12/2018;Natal
Sergipe;01/01/2020;Ano Novo
Sergipe;24/02/2020;Carnaval
Sergipe;25/02/2020;Carnaval
Sergipe;26/02/2020;Carnaval
Sergipe;10/04/2020;Sexta Feira Santa
Sergipe;21/04/2020;Dia de Tiradentes
Sergipe;01/05/2020;Dia do Trabalho
Sergipe;11/06/2020;Corpus Christi
Sergipe;07/09/2020;Independência do Brasil
Sergipe;12/10/2020;Nossa Senhora Aparecida
Sergipe;15/10/2020;Dia do Professor
Sergipe;28/10/2020;Dia do Servidor Público
Sergipe;02/11/2020;Dia de Finados
Sergipe;15/11/2020;Proclamação da República
Sergipe;25/12/2020;Natal
Sergipe;01/01/2019;Ano Novo
Sergipe;04/03/2019;Carnaval
Sergipe;05/03/2019;Carnaval
Sergipe;06/03/2019;Carnaval
Sergipe;19/04/2019;Sexta Feira Santa
Sergipe;21/04/2019;Dia de Tiradentes
Sergipe;01/05/2019;Dia do Trabalho
Sergipe;20/06/2019;Corpus Christi
Sergipe;08/07/2019;Aniversário de Sergipe
Sergipe;07/09/2019;Independência do Brasil
Sergipe;12/10/2019;Nossa Senhora Aparecida
Sergipe;15/10/2019;Dia do Professor
Sergipe;28/10/2019;Dia do Servidor Público
Sergipe;02/11/2019;Dia de Finados
Sergipe;15/11/2019;Proclamação da República
Sergipe;25/12/2019;Natal
Sergipe;01/01/2018;Ano Novo
Sergipe;12/02/2018;Carnaval
Sergipe;13/02/2018;Carnaval
Sergipe;14/02/2018;Carnaval
Sergipe;30/03/2018;Sexta Feira Santa
Sergipe;21/04/2018;Dia de Tiradentes
Sergipe;01/05/2018;Dia do Trabalho
Sergipe;31/05/2018;Corpus Christi
Sergipe;08/07/2018;Aniversário de Sergipe
Sergipe;07/09/2018;Independência do Brasil
Sergipe;12/10/2018;Nossa Senhora Aparecida
Sergipe;15/10/2018;Dia do Professor
Sergipe;28/10/2018;Dia do Servidor Público
Sergipe;02/11/2018;Dia de Finados
Sergipe;15/11/2018;Proclamação da República
Sergipe;25/12/2018;Natal
Goias;01/01/2020;Ano Novo
Goias;24/02/2020;Carnaval
Goias;25/02/2020;Carnaval
Goias;26/02/2020;Carnaval
Goias;10/04/2020;Sexta Feira Santa
Goias;21/04/2020;Dia de Tiradentes
Goias;01/05/2020;Dia do Trabalho
Goias;11/06/2020;Corpus Christi
Goias;26/07/2020;Fundação da Cidade de Goiás
Goias;07/09/2020;Independência do Brasil
Goias;12/10/2020;Nossa Senhora Aparecida
Goias;15/10/2020;Dia do Professor
Goias;24/10/2020;Pedra fundamental de Goiânia
Goias;28/10/2020;Dia do Servidor Público
Goias;02/11/2020;Dia de Finados
Goias;15/11/2020;Proclamação da República
Goias;25/12/2020;Natal
Goias;01/01/2019;Ano Novo
Goias;04/03/2019;Carnaval
Goias;05/03/2019;Carnaval
Goias;06/03/2019;Carnaval
Goias;19/04/2019;Sexta Feira Santa
Goias;21/04/2019;Dia de Tiradentes
Goias;01/05/2019;Dia do Trabalho
Goias;20/06/2019;Corpus Christi
Goias;26/07/2019;Fundação da Cidade de Goiás
Goias;07/09/2019;Independência do Brasil
Goias;12/10/2019;Nossa Senhora Aparecida
Goias;15/10/2019;Dia do Professor
Goias;24/10/2019;Pedra fundamental de Goiânia
Goias;28/10/2019;Dia do Servidor Público
Goias;02/11/2019;Dia de Finados
Goias;15/11/2019;Proclamação da República
Goias;25/12/2019;Natal
Goias;01/01/2018;Ano Novo
Goias;12/02/2018;Carnaval
Goias;13/02/2018;Carnaval
Goias;14/02/2018;Carnaval
Goias;30/03/2018;Sexta Feira Santa
Goias;21/04/2018;Dia de Tiradentes
Goias;01/05/2018;Dia do Trabalho
Goias;31/05/2018;Corpus Christi
Goias;26/07/2018;Fundação da Cidade de Goiás
Goias;07/09/2018;Independência do Brasil
Goias;12/10/2018;Nossa Senhora Aparecida
Goias;15/10/2018;Dia do Professor
Goias;24/10/2018;Pedra fundamental de Goiânia
Goias;28/10/2018;Dia do Servidor Público
Goias;02/11/2018;Dia de Finados
Goias;15/11/2018;Proclamação da República
Goias;25/12/2018;Natal
Pernambuco;01/01/2020;Ano Novo
Pernambuco;24/02/2020;Carnaval
Pernambuco;25/02/2020;Carnaval
Pernambuco;26/02/2020;Carnaval
Pernambuco;06/03/2020;Revolução Pernambucana
Pernambuco;10/04/2020;Sexta Feira Santa
Pernambuco;21/04/2020;Dia de Tiradentes
Pernambuco;01/05/2020;Dia do Trabalho
Pernambuco;11/06/2020;Corpus Christi
Pernambuco;24/06/2020;Dia de São João
Pernambuco;07/09/2020;Independência do Brasil
Pernambuco;12/10/2020;Nossa Senhora Aparecida
Pernambuco;15/10/2020;Dia do Professor
Pernambuco;28/10/2020;Dia do Servidor Público
Pernambuco;02/11/2020;Dia de Finados
Pernambuco;15/11/2020;Proclamação da República
Pernambuco;25/12/2020;Natal
Pernambuco;01/01/2019;Ano Novo
Pernambuco;04/03/2019;Carnaval
Pernambuco;05/03/2019;Carnaval
Pernambuco;06/03/2019;Carnaval
Pernambuco;06/03/2019;Revolução Pernambucana
Pernambuco;19/04/2019;Sexta Feira Santa
Pernambuco;21/04/2019;Dia de Tiradentes
Pernambuco;01/05/2019;Dia do Trabalho
Pernambuco;20/06/2019;Corpus Christi
Pernambuco;24/06/2019;Dia de São João
Pernambuco;07/09/2019;Independência do Brasil
Pernambuco;12/10/2019;Nossa Senhora Aparecida
Pernambuco;15/10/2019;Dia do Professor
Pernambuco;28/10/2019;Dia do Servidor Público
Pernambuco;02/11/2019;Dia de Finados
Pernambuco;15/11/2019;Proclamação da República
Pernambuco;25/12/2019;Natal
Pernambuco;01/01/2018;Ano Novo
Pernambuco;12/02/2018;Carnaval
Pernambuco;13/02/2018;Carnaval
Pernambuco;14/02/2018;Carnaval
Pernambuco;06/03/2018;Revolução Pernambucana
Pernambuco;30/03/2018;Sexta Feira Santa
Pernambuco;21/04/2018;Dia de Tiradentes
Pernambuco;01/05/2018;Dia do Trabalho
Pernambuco;31/05/2018;Corpus Christi
Pernambuco;24/06/2018;Dia de São João
Pernambuco;07/09/2018;Independência do Brasil
Pernambuco;12/10/2018;Nossa Senhora Aparecida
Pernambuco;15/10/2018;Dia do Professor
Pernambuco;28/10/2018;Dia do Servidor Público
Pernambuco;02/11/2018;Dia de Finados
Pernambuco;15/11/2018;Proclamação da República
Pernambuco;25/12/2018;Natal
Tocantins;01/01/2020;Ano Novo
Tocantins;24/02/2020;Carnaval
Tocantins;25/02/2020;Carnaval
Tocantins;26/02/2020;Carnaval
Tocantins;10/04/2020;Sexta Feira Santa
Tocantins;21/04/2020;Dia de Tiradentes
Tocantins;01/05/2020;Dia do Trabalho
Tocantins;11/06/2020;Corpus Christi
Tocantins;07/09/2020;Independência do Brasil
Tocantins;08/09/2020;Padroeira de Tocantins
Tocantins;05/10/2020;Aniversário de Tocantins
Tocantins;12/10/2020;Nossa Senhora Aparecida
Tocantins;15/10/2020;Dia do Professor
Tocantins;28/10/2020;Dia do Servidor Público
Tocantins;02/11/2020;Dia de Finados
Tocantins;15/11/2020;Proclamação da República
Tocantins;25/12/2020;Natal
Tocantins;01/01/2019;Ano Novo
Tocantins;04/03/2019;Carnaval
Tocantins;05/03/2019;Carnaval
Tocantins;06/03/2019;Carnaval
Tocantins;19/04/2019;Sexta Feira Santa
Tocantins;21/04/2019;Dia de Tiradentes
Tocantins;01/05/2019;Dia do Trabalho
Tocantins;20/06/2019;Corpus Christi
Tocantins;07/09/2019;Independência do Brasil
Tocantins;08/09/2019;Padroeira de Tocantins
Tocantins;05/10/2019;Aniversário de Tocantins
Tocantins;12/10/2019;Nossa Senhora Aparecida
Tocantins;15/10/2019;Dia do Professor
Tocantins;28/10/2019;Dia do Servidor Público
Tocantins;02/11/2019;Dia de Finados
Tocantins;15/11/2019;Proclamação da República
Tocantins;25/12/2019;Natal
Tocantins;01/01/2018;Ano Novo
Tocantins;12/02/2018;Carnaval
Tocantins;13/02/2018;Carnaval
Tocantins;14/02/2018;Carnaval
Tocantins;30/03/2018;Sexta Feira Santa
Tocantins;21/04/2018;Dia de Tiradentes
Tocantins;01/05/2018;Dia do Trabalho
Tocantins;31/05/2018;Corpus Christi
Tocantins;07/09/2018;Independência do Brasil
Tocantins;08/09/2018;Padroeira de Tocantins
Tocantins;05/10/2018;Aniversário de Tocantins
Tocantins;12/10/2018;Nossa Senhora Aparecida
Tocantins;15/10/2018;Dia do Professor
Tocantins;28/10/2018;Dia do Servidor Público
Tocantins;02/11/2018;Dia de Finados
Tocantins;15/11/2018;Proclamação da República
Tocantins;25/12/2018;Natal
